,,comments,Fly D,Fly Hydro,Floor D,Floor Hydro,Weight/kg,Pack/l,Length/m,Width (head)/m,Width (foot)/m,Fits Anjo?,Area/m^2,Height/cm,area/weight,hydro/weight,cost/(area/weight),cost/(hydro/weight),Cost/GBP
Gelert,Solo,TOO SMALL FOR ANJO,,,,,1.80,5.20,250.00,,,,1.65,75.00,0.92,,£54.55,,£50.00
AlpKit,Soloist XL,Northern European,,,,,1.46,3.59,220.00,,,,1.69,95.00,1.16,,£112.35,,£130.00
Halti,Luola 2,Northern European,,,,,2.00,4.80,200.00,,,,2.50,90.00,1.25,,£116.00,,£145.00
Kelty,Late Start 1,,,,,,1.70,4.25,216.00,,,,1.90,92.70,1.12,,£134.21,,£150.00
Terra Nova,Coshee Micro,Northern European,,,,,1.40,3.17,215.00,,,,1.20,63.00,0.86,,£174.42,,£150.00
Ferrino,Sling 1,,,2000,,2500,1.25,2.41,220.00,80,60,FALSE,1.32,65.00,1.06,3600,£146.78,£0.04,£155.00
Halti,Noux Lite 2,Northern European,,2000,,5000,1.80,3.27,220,130,98,TRUE,2.52,105,1.40,3889,£115.00,£0.04,£161.00
Kelty,Late Start 2,,,,,,2.04,4.54,215.00,,,0.00,2.70,101.00,1.32,,£128.44,,£170.00
Nordisk,Svalbard 1 PU,Northern European,,,,,2.00,3.77,265.00,,,,1.19,100.00,0.60,,£318.66,,£190.00
Ferrino,Grit 1 FR,,,3000,,8000,1.30,2.86,230.00,75,75,FALSE,1.73,80.00,1.33,8462,£146.96,£0.02,£195.00
Terra Nova,Coshee 2,Northern European,,,,,2.10,3.96,218.00,,,,2.22,90.00,1.06,,£184.16,,£195.00
Ferrino,Lightent 1 Pro,,,3000,,8000,1.55,3.31,215.00,75,75,FALSE,1.61,80.00,1.04,7097,£192.25,£0.03,£200.00
Terra Nova,Zephyros Compact 1,Northern European,,,,,1.57,3.39,220.00,,,,1.41,92.00,0.90,,£223.01,,£200.00
Ferrino,Sling 2,,,2000,,25000,1.70,3.43,220.00,120,90,FALSE,2.64,100.00,1.55,15882,£135.23,£0.01,£210.00
Terra Nova,Helm Compact 1,Northern European,,,,,1.97,3.20,220.00,,,,1.76,92.00,0.89,,£235.06,,£210.00
AlpKit,Jaran 2,Northern European,,,,,2.29,3.96,220.00,,,,2.33,99.00,1.02,,£211.13,,£215.00
Ferrino,Nemesi 1 Pro,,,3000,,8000,1.50,3.31,210.00,70,50,FALSE,1.05,90.00,0.70,7333,£314.29,£0.03,£220.00
Ferrino,Grit 2,,,3000,,8000,1.95,3.95,210.00,135,135,TRUE,2.84,100.00,1.45,5641,£154.76,£0.04,£225.00
Husky,Sawaj 2,,,3000,,10000,2.20,3.51,210.00,140,140,TRUE,2.94,110.00,1.34,5909,£168.37,£0.04,£225.00
MSR,Elixir 1,,,,,,1.98,4.52,218.00,,,,1.86,100.00,0.94,,£245.09,,£230.00
Alpkit,Ordos 2,Northern European,,3000,,3000,1.75,3.43,208.00,134.00,100.00,TRUE,2.18,102.00,1.25,3429,£188.30,£0.07,£235.00
Robens,Challenger 2,Northern European,,5000,,10000,2.40,3.86,215.00,120,105,TRUE,2.26,95.00,0.94,6250,£249.83,£0.04,£235.00
Husky,Sawaj Camel,,,3000,,10000,1.60,3.01,210.00,130,,TRUE,2.73,100.00,1.71,8125,£140.66,£0.03,£240.00
Terra Nova,Zephyros Compact 2,Northern European; Still quite small,,4000,,5000,1.85,3.58,230,110,110,TRUE,2.30,92,1.24,4865,£193.04,£0.05,£240.00
Vango,F10 Helium UL 1,,,,,,1.18,2.45,210.00,,,,2.00,95.00,1.69,,£141.71,,£240.00
Husky,Sawaj Ultra 2,,,3000,,10000,1.85,3.27,210.00,115,115,TRUE,2.42,110.00,1.31,7027,£191.51,£0.04,£250.00
Terra Nova,Hoolie Compact 2,Northern European,,,,,2.45,3.58,230.00,,,0.00,2.30,90.00,0.94,,£266.30,,£250.00
Big Agnes,Salt Creek SL2,for good weather really,17.5,1200,17.5,1200,1.84,5.55,218,132,107,TRUE,2.60,112,1.41,1304,£180.46,£0.20,£255.00
Terra Nova,Helm Compact 2,Northern European,,,,,2.35,4.22,225.00,,,0.00,2.66,105.00,1.13,,£230.13,,£260.00
Nordisk,Svalbard 1 SI,Northern European,,,,,1.70,4.24,265.00,,,,1.19,100.00,0.70,,£399.16,,£280.00
MSR,Elixir 2,,,,,,2.77,5.44,213.00,,,,2.69,102.00,0.97,,£293.48,,£285.00
Terra Nova,Trisar 2,Northern European,,,,,2.70,3.96,220.00,,,0.00,2.97,105.00,1.10,,£263.64,,£290.00
REI Co-op,Quarter Dome SL 2,Good for dogs,,,,,1.29,5.67,224,132,107,TRUE,2.38,97,1.84,,£162.77,,£300.00
Marmot,Tungsten UL 1,,,,,,1.03,4.59,214.00,,,,1.90,97.00,1.84,,£184.67,,£340.00
Nemo,DragonFly 1,,,,,,1.12,3.14,223.52,,,,1.90,102.00,1.70,,£206.32,,£350.00
Robens,Chaser 2,Northern European,,2000,,5000,1.46,3.18,215.00,,,,2.15,95.00,1.47,4795,£237.67,£0.07,£350.00
Big Agnes,Fly Creek HV UL2 Solution Dye,,17.5,1200,17.5,1200,1.02,4.71,218,132,107,TRUE,2.60,107,2.55,2353,£139.27,£0.15,£355.00
Sea to Summit,Alto TR1,,,,,,1.00,3.04,215.00,,,,1.81,105.00,1.82,,£200.85,,£365.00
Nordisk,Telemark 2.2 PU,European; Single Hoop Tent,,,,,2.20,4.14,220.00,,,0.00,2.33,100.00,1.06,,£353.77,,£375.00
Halti,Domino 2,Northern European,,,,,2.20,4.91,210.00,,,,2.63,100.00,1.19,,£322.67,,£385.00
Terra Nova,Blizzard,Northern European,,,,,2.30,3.96,220.00,,,0.00,3.30,85.00,1.43,,£271.82,,£390.00
Bach,Pio-pio,,,,,,1.09,3.62,,,,,2.42,100.00,2.22,,£180.50,,£400.00
Big Agnes,Tiger Wall UL2 Solution Dye,Good for dogs,17.5,1200,17.5,1200,1.13,4.04,218,132,107,TRUE,2.60,99,2.30,2124,£173.85,£0.19,£400.00
MSR,Hubba NX,,,,,,1.24,4.33,216.00,,,,1.67,91.00,1.35,,£296.05,,£400.00
Nemo,Hornet 2,Good for dogs,10,1200,15,1200,1.12,4.40,215,130,108,TRUE,2.60,98,2.32,2143,£172.31,£0.19,£400.00
Nemo,DragonFly 2,,15,1200,20,1200,1.39,3.77,224,127,114,TRUE,2.70,105,1.94,1724,£206.22,£0.23,£400.00
Sea to Summit,Alto TR2,Short at the head,15,1200,15,1200,1.34,3.92,215,134,97,TRUE,2.50,105,1.87,1791,£214.40,£0.22,£400.00
Terra Nova,Pioneer 2,Northern European,,,,,2.15,4.48,220.00,,,,2.20,100.00,1.02,,£390.91,,£400.00
Vaude,Hogan SUL 1-2,Northern European,,3000,,3000,1.25,3.01,235.00,110,90,FALSE,2.30,95.00,1.84,4800,£217.39,£0.08,£400.00
SlingFun,Portal,great weather protection?,10,1200,20,1800,1.50,2.86,216,130,107,TRUE,2.55,111,1.70,2000,£242.35,£0.21,£412.00
Big Agnes,Copper Spur HV UL2,<3 season due to mesh inner; good for dogs,17.5,1200,17.5,1200,1.43,4.74,224,132,107,TRUE,2.70,102,1.89,1676,£225.38,£0.25,£425.00
Sea to Summit,Alto TR2 Plus,"Short at the head, condensation?",15,1200,20,2500,1.46,3.92,215,134,97,TRUE,2.50,105,1.71,2527,£251.81,£0.17,£430.00
Nordisk,Telemark 1 LW,Northern European,,,,,0.84,3.09,220.00,,,,1.54,86.00,1.83,,£237.27,,£435.00
MSR,Freelite 2,,,,,,1.04,3.28,213.00,,,,2.70,99.06,2.59,,£169.58,,£440.00
MSR,Hubba Hubba NX,high fly?,,,,,1.72,4.33,213.00,,,,2.70,100.00,1.57,,£280.30,,£440.00
Vaude,Lizard Seamless 1-2,Northern European,20,3000,30,3000,1.23,4.02,230.00,110,90,FALSE,2.30,90.00,1.88,4894,£239.87,£0.09,£450.00
Vaude,Hogan UL 2,Northern European,,3000,,10000,1.86,5.28,220,130,105,TRUE,2.60,100,1.40,6989,£321.92,£0.06,£450.00
Nordisk,Telemark 2 LW,Northern European; Single Hoop Tent; Still quite small,10,2000,20,8000,0.95,3.09,220,106,106,TRUE,2.33,100,2.45,10526,£187.39,£0.04,£460.00
Sea to Summit,Telos TR2,,15,1200,20,2500,1.48,3.92,215,134,109,TRUE,2.62,105,1.77,2503,£259.50,£0.18,£460.00
Sea to Summit,Telos TR2 Plus,,15,1200,30,8000,1.70,3.92,215,134,97,TRUE,2.62,105,1.54,5418,£324.05,£0.09,£500.00
Nordisk,Oppland 2 SI,European; huge porch,,,,,2.90,4.71,220.00,,,0.00,3.19,100.00,1.10,,£463.64,,£510.00
Terra Nova,Laser Compact 1,Northern European,,,,,1.03,2.64,220.00,,,FALSE,1.36,95.00,1.32,,£385.87,,£510.00
Vaude,Taurus SUL 1,Northern European,,3000,,3000,1.25,3.39,,,,FALSE,1.70,,1.36,4800,£382.35,£0.11,£520.00
Vaude,Taurus UL 2,Northern European,,3000,,10000,1.94,5.02,220,130,110,TRUE,2.40,105,1.24,6701,£420.33,£0.08,£520.00
Terra Nova,Starlite 1,Northern European,,,,,1.12,1.82,220.00,,,FALSE,1.14,82.00,1.02,,£518.88,,£530.00
Nordisk,Telemark 2.2 LW,Northern European; Single Hoop Tent; Still quite small,10,2000,20,8000,1.01,3.35,220,106,106,TRUE,2.33,100,2.31,9901,£231.71,£0.05,£535.00
Terra Nova,Laser Compact 2,European; Single Hoop Tent,,5000,,6000,1.23,2.83,220,105.00,105.00,TRUE,2.07,95,1.68,8943,£326.81,£0.06,£550.00
Nordisk,Halland 2 LW,Northern European; huge porch,10,2000,20,8000,1.33,3.08,215,130,125,TRUE,2.80,100,2.10,7530,£263.70,£0.07,£555.00
Terra Nova,Solar Photon 2,Northern European,,,,,0.84,3.77,225.00,,,,1.89,100.00,2.26,,£248.30,,£560.00
MSR,Carbon Reflex 2,Not great in the wind,,,,,0.89,3.51,213.00,,,,2.70,86.00,3.03,,£187.89,,£570.00
Vaude,Hogan SUL 2,Northern European,,3000,,3000,1.45,4.24,235,130,110,TRUE,2.80,100,1.93,4138,£295.18,£0.14,£570.00
Nordisk,Lofoten 1 ULW,Northern European,,,,,0.68,1.52,220.00,,,,1.87,70.00,2.74,,£213.35,,£585.00
Terra Nova,Southern Cross 1,Northern European,,,,,1.69,3.96,220.00,,,,1.14,84.00,0.68,,£886.36,,£600.00
Halti,XPD Ultralite 2,European; huge porch,,,,,2.40,4.42,220.00,,,0.00,2.86,90.00,1.19,,£521.96,,£622.00
Terra Nova,Laser Compact All Season 2,Northern European,,,,,1.80,3.01,230.00,,,,2.07,95.00,1.15,,£547.83,,£630.00
Terra Nova,Starlite 2,Northern European,,,,,1.53,2.37,220.00,,,,2.20,86.00,1.44,,£455.52,,£655.00
Terra Nova,Laser Pulse 1,Northern European,,,,,0.55,1.88,220.00,,,,1.10,82.00,2.02,,£327.00,,£660.00
Terra Nova,Voyager,Northern European,,,,,2.15,4.25,206.00,,,,1.85,100.00,0.86,,£765.37,,£660.00
Vaude,Space Seamless 1-2,Northern European,,3000,,3000,1.59,4.24,215,105,105,TRUE,2.30,100,1.45,3774,£456.26,£0.17,£660.00
Hilleberg,Akto,Northern European,,,,,1.70,3.76,220.00,,,,1.70,93.00,1.00,,£680.00,,£680.00
Hilleberg,Enan,Northern European,,,,,1.20,3.76,215.00,,,,1.70,93.00,1.42,,£529.41,,£750.00
Hilleberg,Anjan 2,Northern European; good porch,20,5000,50,12000,1.67,3.76,220,130,110,TRUE,2.60,100,1.55,10155,£486.10,£0.07,£755.00
Terra Nova,Southern Cross 2,Northern European,,,,,2.29,4.72,225.00,,,0.00,2.81,120.00,1.23,,£626.95,,£770.00
Hilleberg,Unna,Northern European,,,,,2.30,5.12,230.00,,,0.00,2.50,100.00,1.09,,£722.20,,£785.00
Nordisk,Oppland 2 LW,Northern European; huge porch,10,2000,20,8000,1.73,3.27,220,105,145,TRUE,3.19,100,1.84,5780,£460.97,£0.15,£850.00
Hilleberg,Soulo,Northern European,,,,,2.40,5.12,220.00,,,,1.90,95.00,0.79,,"£1,130.53",,£895.00
Hilleberg,Nallo 2,European; huge porch,,,,,2.40,5.12,220.00,,,0.00,2.60,100.00,1.08,,£840.00,,£910.00
Hilleberg,Niak 2,Northern European,20,5000,50,12000,1.70,3.76,220,120,120,TRUE,2.60,100,1.53,10000,£601.54,£0.09,£920.00
Hilleberg,Anjan 2 GT,European; huge porch,,,,,2.10,4.04,220.00,,,0.00,2.60,100.00,1.24,,£787.50,,£975.00
