Brand,Model,URL,Type,Hooded?,Self Stuff?,Recycled %,Weight,Cost,Fill Weight,CLO/g/m^2 (dry),CLO/g/m^2 (wet),CLO Full (dry),FP (equivalent)
Alpkit,Filoment Hoody,https://alpkit.com/products/filoment-hoody-mens?variant=39848523104361,Down,TRUE,FALSE,100,405,130,141,0.0309,,4.3569,630
Alpkit,Heiko,https://alpkit.com/products/heiko-mens?variant=39913967878249,Synthetic,FALSE,TRUE,100,344,100,,0.0201,0.0177,,519
Alpkit,Talini,https://alpkit.com/products/talini-mens?variant=39848606990441,Synthetic,FALSE,FALSE,,390,80,190,0.0277,,5.263,600
Alpkit,Katabatic,https://alpkit.com/products/katabatic-mens?variant=39891085754473,Synthetic,TRUE,TRUE,45,455,160,,0.0271,0.0265,,594
Alpkit,Solace,https://alpkit.com/products/solace-mens?variant=40719171780713,Synthetic,TRUE,FALSE,70,680,190,,0.0201,0.0177,,519
Alpkit,0Hiro,https://alpkit.com/products/0hiro-mens-primaloft-jacket?variant=39913171189865,Synthetic,TRUE,,70,690,140,,0.0274,0.02329,,597
Fjallraven,Expedition Pack Down Hoodie,https://www.fjallraven.com/uk/en-gb/men/jackets/winter-jackets/expedition-pack-down-hoodie-m,Down,TRUE,TRUE,,490,315,110,0.0391,,4.301,700
Fjallraven,Expedition Pack Down,https://www.fjallraven.com/uk/en-gb/men/jackets/winter-jackets/expedition-pack-down-jacket-m,Down,FALSE,TRUE,,415,295,100,0.0391,,3.91,700
Fjallraven,Keb Padded Hoodie,https://www.fjallraven.com/uk/en-gb/men/jackets/trekking-jackets/keb-padded-hoodie-m,Synthetic,TRUE,FALSE,100,510,260,,0.0391,0.03128,,700
Jottnar,Fenrir,https://www.jottnar.com/collections/mens-down-insulated-jackets/products/fenrir-mens-hooded-down-jacket,Down,TRUE,,,390,335,112,0.0603,,6.7536,850
Jottnar,Thorsen,https://www.jottnar.com/collections/mens-down-insulated-jackets/products/thorsen-mens-lightweight-down-jacket,Down,FALSE,,,378,289,,0.0603,,,850
Jottnar,Thorne,https://www.jottnar.com/collections/mens-down-insulated-jackets/products/thorne-mens-hooded-down-jacket,Down,TRUE,,,460,299,,0.0456,,,750
Kathmandu,Heli Thermore,https://www.kathmandu.co.uk/mens/jackets-and-vests/mens-down-insulated-jackets/heli-s-mns-jacket.html?colour=6558&scroll=instant,Synthetic,FALSE,TRUE,100,440,115,202,0.0507,,10.2414,787
Keela,Talus,https://keelaoutdoors.com/product/talus-jacket/,Synthetic,TRUE,FALSE,,600,145,,0.0271,0.0265,,594
Keela,Belay Pro,https://keelaoutdoors.com/product/belay-pro-jacket/,Synthetic,TRUE,FALSE,,638,120,,0.0271,0.0265,,594
Keela,Solo,https://keelaoutdoors.com/product/solo-jacket/,Synthetic,TRUE,FALSE,,680,165,,0.0271,0.0265,,594
Mammut,Meron IN Hooded,https://www.mammut.com/uk/en/products/1013-02660-3734/meron-in-hooded-jacket-men,Down,TRUE,TRUE,,414,298,155,0.0684,,10.602,900
Mammut,Whitehorn IN Hooded,https://www.mammut.com/uk/en/products/1013-02100-40155/whitehorn-in-jacket-men,Down,TRUE,,,735,154,225,0.0456,,10.26,750
Mammut,Albula IN Hooded,https://www.mammut.com/uk/en/products/1013-01781-50550/albula-in-hooded-jacket-men,Synthetic,TRUE,,,476,133,178,0.0507,,9.0246,787
Mammut,Albula IN,https://www.mammut.com/uk/en/products/1013-01801-50550/albula-in-jacket-men,Synthetic,FALSE,FALSE,,440,119,160,0.0507,,8.112,787
Mammut,Albula IN Hybrid,https://www.mammut.com/uk/en/products/1013-02001-40155/albula-in-hybrid-jacket-men,Synthetic,FALSE,,,398,126,122,0.0507,,6.1854,787
Mammut,Taiss IN Hooded,https://www.mammut.com/uk/en/products/1013-02700-50554/taiss-in-hooded-jacket-men,Down,TRUE,TRUE,,293,238,90,0.0684,,6.156,900
Mammut,Broad Peak IN Hooded,https://ultralightoutdoorgear.co.uk/broad-peak-in-hooded-jacket/,Down,TRUE,TRUE,,395,270,115,0.0527,,6.0605,800
Mammut,Rime IN Flex Hooded,https://www.mammut.com/uk/en/products/1013-02130-40236/rime-in-flex-hooded-jacket-men,Synthetic,TRUE,,,466,165,140,0.0249,,3.486,572
Mammut,Eigerjoch Light IN Hooded,https://www.mammut.com/uk/en/products/1013-02350-2217/eigerjoch-light-in-hooded-jacket-men,Synthetic,TRUE,TRUE,,300,275,,0.0271,0.0265,,594
Mammut,Rime Light IN Flex Hooded,,Synthetic,TRUE,TRUE,,380,140,,0.0249,,,572
Mammut,Nespresso In Flex Hooded,https://www.mammut.com/uk/en/products/1013-03490-00788/mammut-x-nespresso-in-flex-hooded-jacket-men,Synthetic,TRUE,,,498,300,,0.0249,,,572
Patagonia,AlpLoft Down,https://eu.patagonia.com/gb/en/product/alploft-down-parka/85600.html?dwvar_85600_color=CLOO&cgid=mens-jackets-vests-insulated,Down,TRUE,,,680,392,295,0.0527,,15.5465,800
Patagonia,Down Fitz Roy Hoody,https://eu.patagonia.com/gb/en/product/mens-fitz-roy-down-hoody/85500.html?dwvar_85500_color=OBPL&cgid=mens-jackets-vests-insulated,Down,TRUE,TRUE,,485,280,159,0.0527,,8.3793,800
Patagonia,Down Sweater Hoody,https://ultralightoutdoorgear.co.uk/down-sweater-hoody/,Down,TRUE,TRUE,,420,240,150,0.0527,,7.905,800
Patagonia,AlpLight Down,https://eu.patagonia.com/gb/en/product/mens-alplight-down-jacket/85540.html?dwvar_85540_color=CGLD&cgid=mens-jackets-vests-insulated,Down,FALSE,TRUE,,270,196,100,0.0527,,5.27,800
Patagonia,Down Sweater,https://ultralightoutdoorgear.co.uk/down-sweater/,Down,FALSE,TRUE,,372,210,85,0.0527,,4.4795,800
Patagonia,Micro Puff,https://eu.patagonia.com/gb/en/product/mens-micro-puff-jacket/84066.html?dwvar_84066_color=NUVG,Synthetic,FALSE,TRUE,100,295,250,65,0.0251,,1.6315,574
Patagonia,Micro Puff Hoody,https://ultralightoutdoorgear.co.uk/micro-puff-hoody/,Synthetic,TRUE,TRUE,100,298,230,65,0.0251,,1.6315,574
Patagonia,Nano Puff,https://ultralightoutdoorgear.co.uk/nano-puff-jacket/,Synthetic,FALSE,TRUE,55,340,170,60,0.0271,0.0265,1.626,594
Patagonia,Nano Puff Hoody,https://ultralightoutdoorgear.co.uk/nano-puff-hoody/,Synthetic,TRUE,TRUE,55,363,185,60,0.0271,0.0265,1.626,594
Patagonia,Nano Puff Fitz Roy Trout Hoody,https://eu.patagonia.com/gb/en/product/mens-nano-puff-insulated-fitz-roy-trout-hoody/84455.html?dwvar_84455_color=SMDB&cgid=mens-jackets-vests-insulated,Synthetic,TRUE,TRUE,55,363,220,60,0.0271,0.0265,1.626,594
Patagonia,Thermal Airshed,https://ultralightoutdoorgear.co.uk/thermal-airshed-insulated-jacket/,Synthetic,FALSE,TRUE,100,230,150,65,0.0251,,1.6315,574
Patagonia,DAS Light Hoody,https://eu.patagonia.com/gb/en/product/mens-das-light-hoody/85300.html?dwvar_85300_color=WAX&cgid=mens-jackets-vests-insulated,Synthetic,TRUE,TRUE,100,320,224,,0.0251,,,574
Patagonia,DAS Parka,https://eu.patagonia.com/gb/en/product/mens-das-parka/85350.html?dwvar_85350_color=TGRD&cgid=mens-jackets-vests-insulated,Synthetic,TRUE,,55,556,294,133,0.0271,0.0265,3.6043,594
Rab,Positron Pro,https://ultralightoutdoorgear.co.uk/positron-pro-down-jacket/,Down,TRUE,,,738,330,300,0.0527,,15.81,800
Rab,Axion Pro,https://ultralightoutdoorgear.co.uk/axion-pro-down-jacket/,Down,TRUE,,100,706,220,295,0.0391,,11.5345,700
Rab,Neutrino Pro,https://ultralightoutdoorgear.co.uk/neutrino-pro-down-jacket/,Down,TRUE,,,572,275,212,0.0527,,11.1724,800
Rab,Electron Pro,https://ultralightoutdoorgear.co.uk/electron-pro-down-jacket/,Down,TRUE,,,496,240,190,0.0527,,10.013,800
Rab,Mythic Alpine,https://ultralightoutdoorgear.co.uk/mythic-alpine-down-jacket/,Down,TRUE,,,325,270,140,0.0684,,9.576,900
Rab,Infinity Alpine,https://ultralightoutdoorgear.co.uk/infinity-alpine-down-jacket/,Down,TRUE,,,548,310,175,0.0527,,9.2225,800
Rab,Microlight Alpine,https://ultralightoutdoorgear.co.uk/microlight-alpine-down-jacket/,Down,TRUE,,100,446,160,153,0.0391,,5.9823,700
Rab,Infinity Microlight,https://ultralightoutdoorgear.co.uk/infinity-microlight-down-jacket/,Down,TRUE,,100,450,220,146,0.0391,,5.7086,700
Rab,Nebula Pro,https://ultralightoutdoorgear.co.uk/nebula-pro-insulated-jacket/,Synthetic,TRUE,TRUE,100,614,165,257,0.0221,0.0195,5.6797,571
Rab,Mythic Alpine Light,https://ultralightoutdoorgear.co.uk/mythic-alpine-light-down-jacket/,Down,TRUE,,,277,225,80,0.0684,,5.472,900
Rab,Microlight ,https://ultralightoutdoorgear.co.uk/microlight-down-jacket/,Down,FALSE,,100,384,160,134,0.0391,,5.2394,700
Rab,Cirrus Flex 2.0,https://ultralightoutdoorgear.co.uk/cirrus-flex-2.0-insulated-jacket/,Synthetic,TRUE,TRUE,100,352,110,110,0.0201,0.0177,2.211,519
Rab,Cirrus Flex 2.0 Hoody,https://ultralightoutdoorgear.co.uk/cirrus-flex-2.0-insulated-hoody/,Synthetic,TRUE,TRUE,100,388,105,110,0.0201,0.0177,2.211,519
Rab,Xenair Light,https://ultralightoutdoorgear.co.uk/xenair-light-insulated-jacket/,Synthetic,FALSE,TRUE,55,258,155,,0.0271,0.0265,,594
Rab,Xenair Alpine Light,https://ultralightoutdoorgear.co.uk/xenair-alpine-light-insulated-jacket/,Synthetic,TRUE,TRUE,55,324,170,,0.0271,0.0265,,594
Rab,Cirrus ,https://ultralightoutdoorgear.co.uk/cirrus-insulated-jacket/,Synthetic,FALSE,,100,416,135,,0.0201,0.0177,,519
Rab,Cirrus Alpine,https://ultralightoutdoorgear.co.uk/cirrus-alpine-insulated-jacket/,Synthetic,TRUE,,100,506,135,,0.0201,0.0177,,519
Rab,Xenair Alpine,https://ultralightoutdoorgear.co.uk/xenair-alpine-insulated-jacket/,Synthetic,TRUE,,55,522,195,,0.0271,0.0265,,594
Rab,Generator Alpine,https://ultralightoutdoorgear.co.uk/generator-alpine-insulated-jacket/,Synthetic,TRUE,,,558,245,,0.0271,0.0265,,594
